{"mousedown":false,"model":{"name":"HOLLOW_CUBE","vertices":[-0.5,-0.5,-0.5,0.5,-0.5,-0.5,0.5,0.5,-0.5,-0.5,0.5,-0.5,-0.5,-0.5,0.5,0.5,-0.5,0.5,0.5,0.5,0.5,-0.5,0.5,0.5,-0.4,-0.4,-0.4,0.4,-0.4,-0.4,0.4,0.4,-0.4,-0.4,0.4,-0.4,-0.4,-0.4,0.4,0.4,-0.4,0.4,0.4,0.4,0.4,-0.4,0.4,0.4],"indices":[0,1,8,1,9,8,1,2,9,2,10,9,2,3,10,3,11,10,3,0,11,0,8,11,5,4,13,4,12,13,4,7,12,7,15,12,7,6,15,6,14,15,6,5,14,5,13,14,0,4,5,0,5,1,1,5,6,1,6,2,2,6,7,2,7,3,3,7,4,3,4,0,8,9,13,8,13,12,9,10,14,9,14,13,10,11,15,10,15,14,11,8,12,11,12,15],"color":[1,1,1],"colors":[1,1,1,1,1,1,1,1,1,1,1,1,1,1,1,1,1,1,1,1,1,1,1,1,1,1,1,1,1,1,1,1,1,1,1,1,1,1,1,1,1,1,1,1,1,1,1,1]},"models":[true,false,false],"projection":"orth","transform":{"scale":{"x":1,"y":1,"z":1},"rotation":{"x":105.10199999999995,"y":42.04080000000006,"z":63.0611999999999},"translation":{"x":0,"y":0,"z":0}},"view":{"rotation":180,"radius":0.5},"enableShader":true,"enableAnimation":true}